shop_name,address,district,lat,lng,rating,review_count,brand_type,dist_to_mrt,nearest_mrt,mrt_proximity
SECOND FLOOR CAFE Renai,"No. 108, Section 2, Ren'ai Rd, Zhongzheng District, Taipei City, Taiwan 100",中正區,25.0379173,121.5324211,4.4,8288,獨立,326,忠孝新生站出口6,300-500m
抹More,"No. 221號, Ningbo W St, Zhongzheng District, Taipei City, Taiwan 100",中正區,25.0256536,121.5103729,4.5,806,獨立,1070,小南門站出口4,500m以上
翌日咖啡店,"No. 176號, Chaozhou St, Da’an District, Taipei City, Taiwan 106",中正區,25.0283112,121.529752,4.6,846,獨立,585,東門站出口5,500m以上
Sugar man cafe,"No. 87-1, Section 1, Heping E Rd, Da’an District, Taipei City, Taiwan 106",中正區,25.02717,121.525663,3.7,1272,獨立,260,古亭站出口3,300m內
STARBUCKS Hotel Resonance Taipei Shop,"No. 7-1號, Linsen S Rd, Zhongzheng District, Taipei City, Taiwan 100024",中正區,25.0437003,121.5239036,4.4,1483,連鎖,56,善導寺站出口4,300m內
Coppii Lumii living coffee 冉冉生活(東門),"No. 196號, Section 2, Xinyi Rd, Da’an District, Taipei City, Taiwan 106",中正區,25.033417,121.5300931,3.8,486,獨立,58,東門站出口6,300m內
STARBUCKS Guting Shop,"No. 109號, Section 2, Roosevelt Rd, Da’an District, Taipei City, Taiwan 106",中正區,25.0244629,121.5246496,4.1,343,連鎖,174,古亭站出口2,300m內
petit doux cafe,"No. 7之3號, Lane 198, Section 2, Xinyi Rd, Da’an District, Taipei City, Taiwan 106",中正區,25.0326374,121.5306298,4.2,2943,獨立,153,東門站出口5,300m內
羊毛與花 ‧ 永康 youmoutoohana Coffee,"No. 12號, Lane 37, Yongkang St, Da’an District, Taipei City, Taiwan 106",中正區,25.030696,121.529969,4.4,1525,獨立,322,東門站出口5,300-500m
The Singularity Co Working Space,"No. 32號, Nanyang St, Zhongzheng District, Taipei City, Taiwan 10047",中正區,25.0442539,121.5160275,4.9,2894,獨立,156,台大醫院站出口4,300m內
Sounds Good Cafe,"No. 1-3號, Lane 30, Section 2, Xinsheng S Rd, Da’an District, Taipei City, Taiwan 106",中正區,25.0317976,121.532664,4.7,577,獨立,255,大安森林公園站出口2,300m內
STARBUCKS Chongqing Shop,"No. 104, Section 1, Chongqing S Rd, Zhongzheng District, Taipei City, Taiwan 100",中正區,25.0424628,121.5130744,4.2,1910,連鎖,318,台大醫院站出口1,300-500m
Sukiya Taipei Station Restaurant,"No. 12號, Nanyang St, Zhongzheng District, Taipei City, Taiwan 100",中正區,25.0450547,121.5160153,3.9,4531,獨立,152,台北車站M6,300m內
客美多咖啡 Komeda‘s Coffee - 華山杭南店,"100, Taiwan, Taipei City, Zhongzheng District, 杭州南路一段23-1號",中正區,25.0422882,121.5264873,4.5,914,獨立,276,善導寺站出口5,300m內
ALL DAY ROASTING COMPANY 師大店,"No. 177號, Shida Rd, Zhongzheng District, Taipei City, Taiwan 100",中正區,25.02067,121.526735,4.4,482,獨立,69,台電大樓站出口4,300m內
YABOO Cafe,"No. 26, Lane 41, Yongkang St, Da’an District, Taipei City, Taiwan 106",中正區,25.0304219,121.5306096,4.5,1652,獨立,367,東門站出口5,300-500m
Perk & Cafe,"100, Taiwan, Taipei City, Zhongzheng District, Huaining St, 76號1樓",中正區,25.0432024,121.5139509,4.4,1292,獨立,239,台大醫院站出口4,300m內
Sukiya Guting Restaurant,"No. 50號, Section 2, Roosevelt Rd, Zhongzheng District, Taipei City, Taiwan 100",中正區,25.0278103,121.5215889,4.0,4830,獨立,15,古亭站出口7,300m內
Starbucks (Nanhai),"No. 20, Nanhai Rd, Zhongzheng District, Taipei City, Taiwan 100",中正區,25.0323876,121.5168813,4.1,1584,連鎖,129,中正紀念堂站出口1,300m內
Cafe Macho,"No. 10號, Jinjiang St, Zhongzheng District, Taipei City, Taiwan 10085",中正區,25.026052,121.521129,4.3,1173,獨立,136,古亭站出口8,300m內
bog tea house buubu,"103, Taiwan, Taipei City, Datong District, Lane 49, Chifeng St, 2號2樓",大同區,25.0555612,121.5196941,4.4,1375,獨立,234,雙連站出口1,300m內
waku waku pasta Chifeng,"No. 4號, Lane 8, Chifeng St, Datong District, Taipei City, Taiwan 103",大同區,25.0538231,121.5191253,4.1,1922,獨立,90,中山站出口5,300m內
STARBUCKS RESERVE Bao’an Shop,"No. 11號, Bao'an St, Datong District, Taipei City, Taiwan 103",大同區,25.05933,121.5132217,4.4,4331,連鎖,430,大橋頭站出口2,300-500m
Sweet & Sour Kitchen,"No. 112號, Section 1, Chongqing N Rd, Datong District, Taipei City, Taiwan 103",大同區,25.053125200000004,121.5139902,4.3,345,獨立,506,中山站出口6,500m以上
SOMA特調飲品 中山概念店 Tea & Mocktail,"No. 23號, Lane 20, Section 2, Zhongshan N Rd, Zhongshan District, Taipei City, Taiwan 10491",大同區,25.0536512,121.5208218,3.5,1208,獨立,102,中山站出口4,300m內
Melange Café,"No. 23號, Lane 16, Section 2, Zhongshan N Rd, Zhongshan District, Taipei City, Taiwan 10491",大同區,25.0532033,121.5208739,4.2,5388,獨立,69,中山站出口4,300m內
STARBUCKS Nanjing West Shop,"No. 36號, Nanjing W Rd, Datong District, Taipei City, Taiwan 103",大同區,25.0526864,121.5195903,4.0,1105,連鎖,47,中山站出口5,300m內
Supranormal Bakery Cafe 赤峰,"No. 27號, Lane 71, Chifeng St, Datong District, Taipei City, Taiwan 103",大同區,25.0566599,121.5203386,4.4,672,獨立,97,雙連站出口1,300m內
STARBUCKS Kulun Chengde Shop,"No. 51號, Kulun St, Datong District, Taipei City, Taiwan 103",大同區,25.0720983,121.5189997,4.2,2190,連鎖,117,圓山站出口2,300m內
Nowhere Taipei Mexican Bistro,"No. 16號, Section 1, Chengde Rd, Datong District, Taipei City, Taiwan 10349",大同區,25.0503058,121.5166241,4.8,2116,獨立,280,台北車站M1,300m內
% ARABICA,"No. 45號, Lane 50, Section 2, Zhongshan N Rd, Zhongshan District, Taipei City, Taiwan 104",大同區,25.0563113,121.520804,3.7,631,獨立,134,雙連站出口1,300m內
好啊咖啡,"No. 46號, Wanquan St, Datong District, Taipei City, Taiwan 10354",大同區,25.0585317,121.51986459999998,4.8,2408,獨立,109,雙連站出口2,300m內
Louisa Coffee,"No. 3號, Minquan W Rd, Zhongshan District, Taipei City, Taiwan 10491",大同區,25.0630087,121.5221129,3.7,2108,連鎖,153,民權西路站出口9,300m內
Block & Cafe,"103013, Taiwan, Taipei City, Datong District, Taiyuan Rd, 50號2樓",大同區,25.0508535,121.5152487,4.5,1318,獨立,416,台北車站M1,300-500m
Coffee Dumbo,"No. 25號, Lane 49, Chifeng St, Datong District, Taipei City, Taiwan 104",大同區,25.0558043,121.5203751,4.6,851,獨立,190,雙連站出口1,300m內
瑤池墮宮 YCDG,"10491, Taiwan, Taipei City, Zhongshan District, Lane 70, Section 1, Minquan E Rd, 5號1樓",大同區,25.0619896,121.5251147,4.7,333,獨立,117,中山國小站出口2,300m內
MARAIS x Lille M. Cafe & Restaurant,"No. 18號, Lane 36, Section 2, Zhongshan N Rd, Zhongshan District, Taipei City, Taiwan 110",大同區,25.0541826,121.521504,4.4,2484,獨立,178,中山站出口3,300m內
Ao Tao Zu Café,"103, Taiwan, Taipei City, Datong District, Liangzhou St, 106號2樓",大同區,25.060509,121.5098167,4.3,444,獨立,369,大橋頭站出口1A,300-500m
Tella Tella Cafe,"103, Taiwan, Taipei City, Datong District, Lane 49, Chifeng St, 22號2樓",大同區,25.0556745,121.5202759,4.1,790,獨立,205,雙連站出口1,300m內
北風社,"10353, Taiwan, Taipei City, Datong District, Lane 47, Chifeng St, 18號2樓",大同區,25.0552532,121.5201497,4.2,744,獨立,254,雙連站出口1,300m內
Mr. Brown Coffee Nanjing Concept Store,"No. 218號, Section 2, Nanjing E Rd, Zhongshan District, Taipei City, Taiwan 104",中山區,25.0517681,121.5363357,4.0,3098,獨立,227,松江南京站出口5,300m內
Fika Fika Cafe,"No. 33號, Yitong St, Zhongshan District, Taipei City, Taiwan 104",中山區,25.0504557,121.5352787,4.4,4607,獨立,199,松江南京站出口5,300m內
覺旅咖啡 Journey Kaffe 南京復興店,"105, Taiwan, Taipei City, Songshan District, Alley 8, Lane 303, Section 3, Nanjing E Rd, 7號1樓",中山區,25.0530552,121.5471475,4.1,1634,獨立,255,南京復興站出口6,300m內
CHIFFON手工蛋糕店,"No. 77號, Long Jiang Rd, Zhongshan District, Taipei City, Taiwan 10491",中山區,25.050947,121.5405527,4.3,2329,獨立,159,南京復興站出口2,300m內
CAFE RACO,"10491, Taiwan, Taipei City, Zhongshan District, Lane 147, Section 2, Minsheng E Rd, 1號號1樓",中山區,25.0584222,121.534909,4.5,888,獨立,163,行天宮站出口2,300m內
CE' & LIB-RARY 遼寧店,"No. 134號, Liaoning St, Zhongshan District, Taipei City, Taiwan 10491",中山區,25.0535073,121.54198629999998,4.0,769,獨立,99,南京復興站出口1,300m內
Haritts Donuts & Coffee,"No. 33, Lane 81, Fuxing N Rd, Songshan District, Taipei City, Taiwan 105",中山區,25.0512408,121.54547420000002,4.4,1977,獨立,97,南京復興站出口6,300m內
RUFOUS COFFEE ROASTERS 2,"No. 12號, Lane 60, Section 3, Minquan E Rd, Zhongshan District, Taipei City, Taiwan 104",中山區,25.0614924,121.5422936,4.7,746,獨立,185,中山國中站出口,300m內
STARBUCKS Nanjing Jianguo Shop,"10491, Taiwan, Taipei City, Zhongshan District, Section 3, Nanjing E Rd, 1號1、2樓",中山區,25.0521763,121.5372208,4.2,1691,連鎖,318,松江南京站出口5,300-500m
Le Park Cafe (French café),"No. 146號, Liaoning St, Zhongshan District, Taipei City, Taiwan 104",中山區,25.0538428,121.54203099999998,4.5,1499,獨立,136,南京復興站出口1,300m內
STARBUCKS Nanjing Fuxing Branch,"10491, Taiwan, Taipei City, Zhongshan District, Section 3, Nanjing E Rd, 224號1F",中山區,25.0516611,121.5437483,4.0,1171,連鎖,40,南京復興站出口8,300m內
Mr. Brown Coffee,"No. 332號, SongJiang Rd, Zhongshan District, Taipei City, Taiwan 10491",中山區,25.0613056,121.532911,4.1,2518,獨立,105,行天宮站出口4,300m內
STARBUCKS Linsen Nong’an Shop,"No. 568號, Linsen N Rd, Zhongshan District, Taipei City, Taiwan 10491",中山區,25.0647222,121.5255369,4.2,996,連鎖,217,中山國小站出口1,300m內
Roasting House - Beckhome Roasting House,"No. 1號, Alley 8, Lane 303, Section 3, Nanjing E Rd, Songshan District, Taipei City, Taiwan 105",中山區,25.0529486,121.5468614,4.4,1060,獨立,224,南京復興站出口6,300m內
Summer Savage,"No. 1號, Lane 330, Songjiang Rd, Zhongshan District, Taipei City, Taiwan 10491",中山區,25.0612289,121.5326254,4.8,1310,獨立,103,行天宮站出口4,300m內
Komeda‘s Coffee Nanjing Jianguo,"No. 204號, Section 2, Nanjing E Rd, Zhongshan District, Taipei City, Taiwan 104",中山區,25.0518173,121.5357231,4.2,2861,獨立,166,松江南京站出口5,300m內
"Old Major Coffee (深夜咖啡), I'M Dessert","No. 209號, Fuxing N Rd, Songshan District, Taipei City, Taiwan 105018",中山區,25.056352600000004,121.5444942,4.5,483,獨立,430,南京復興站出口7,300-500m
STARBUCKS Songjiang Shop,"No. 210號, SongJiang Rd, Zhongshan District, Taipei City, Taiwan 10491",中山區,25.0578305,121.5328352,4.1,1430,連鎖,37,行天宮站出口1,300m內
STARBUCKS Songjiang Jingzhou Shop,"10491, Taiwan, Taipei City, Zhongshan District, SongJiang Rd, 239號1樓",中山區,25.0591842,121.5334541,4.2,828,連鎖,45,行天宮站出口2,300m內
STARBUCKS Jiuzong Xinhu Shop,"No. 128號, Xinhu 2nd Rd, Neihu District, Taipei City, Taiwan 114",松山區,25.0623995,121.5787617,4.2,802,連鎖,1320,松山站出口5,500m以上
STARBUCKS Songshan Station Shop,"No. 11, Songshan Rd, Xinyi District, Taipei City, Taiwan 110",松山區,25.0491191,121.5787089,4.0,1033,連鎖,106,松山站出口4,300m內
VI Watergate coffee,"No. 332號, Tayou Rd, Songshan District, Taipei City, Taiwan 105",松山區,25.065313,121.56773799999998,4.7,588,獨立,1556,南京三民站出口4,500m以上
"Cafe,honestly真拾生活","105, Taiwan, Taipei City, Songshan District, Yanshou St, 117-1號一樓117號後棟",松山區,25.0572057,121.5649156,4.9,452,獨立,625,南京三民站出口4,500m以上
About Islander,"105, Taiwan, Taipei City, Songshan District, Alley 2, Ln 250, Section 5, Nanjing E Rd, 39號1樓右側",松山區,25.0507937,121.56821619999998,4.8,469,獨立,364,南京三民站出口4,300-500m
Louisa Coffee,"No. 131號, Section 6, Civic Blvd, Songshan District, Taipei City, Taiwan 105",松山區,25.0496652,121.5788076,3.0,742,連鎖,86,松山站出口4,300m內
PAUSEstudio,"No. 14號, Alley 18, Lane 250, Section 5, Nanjing E Rd, Songshan District, Taipei City, Taiwan 105",松山區,25.0500724,121.566801,4.7,475,獨立,262,南京三民站出口3,300m內
좋은 날 好日子咖啡,"No. 129號, Yanshou St, Songshan District, Taipei City, Taiwan 105",松山區,25.057045,121.5643025,4.7,140,獨立,608,南京三民站出口4,500m以上
咖啡屋 珈琲や 台北松山工房,"No. 758號, Section 4, Bade Rd, Songshan District, Taipei City, Taiwan 105",松山區,25.049981,121.5788369,4.5,748,獨立,90,松山站出口4,300m內
Sukiya Songshan Station Restaurant,"No. 312號, Section 6, Civic Blvd, Xinyi District, Taipei City, Taiwan 110",松山區,25.0488067,121.5793664,3.8,1823,獨立,179,松山站出口4,300m內
85度C咖啡蛋糕飲料烘培(台北永吉店),"110, Taiwan, Taipei City, Xinyi District, 永吉路269號",松山區,25.0456981,121.5753644,3.7,499,獨立,505,松山站出口2,500m以上
Dousun Cafe,"No. 139, Yanshou St, Songshan District, Taipei City, Taiwan 105",松山區,25.056982400000003,121.5639626,4.4,849,獨立,600,南京三民站出口1,500m以上
Peter Better Cafe Neihu Xingshan,"No. 64號, Xingshan Rd, Neihu District, Taipei City, Taiwan 114",松山區,25.0570511,121.5762723,4.1,232,獨立,738,松山站出口5,500m以上
Louisa Coffee 路易莎咖啡(麥帥店),"10568, Taiwan, Taipei City, Songshan District, Alley 2, Ln 250, Section 5, Nanjing E Rd, 19號1樓",松山區,25.0508772,121.5671283,4.2,400,連鎖,256,南京三民站出口4,300m內
For All Coffee,"No. 1, No. 115玉成街52巷南港區臺北市 Taiwan 115",松山區,25.0481266,121.5814968,4.6,371,獨立,291,後山埤站出口4,300m內
小栗原咖啡店 Oguri Coffee,"No. 221號, Songshan Rd, Xinyi District, Taipei City, Taiwan 110",松山區,25.044913,121.577973,4.7,368,獨立,351,後山埤站出口1,300-500m
『五號出口』咖啡館吧Exit No.5 Café Bar,"115, Taiwan, Taipei City, Nangang District, Lane 81, Section 6, Zhongxiao E Rd, 2號1樓",松山區,25.0483402,121.58436599999996,4.7,185,獨立,356,後山埤站出口4,300-500m
CAFE!N 硬咖啡 松山意舍門市,"115, Taiwan, Taipei City, Nangang District, Section 7, Civic Blvd, 8號1樓",松山區,25.0492807,121.58050219999998,4.1,112,獨立,261,松山站出口4,300m內
CHIT CHAT Cafe 寶清店,"105, Taiwan, Taipei City, Songshan District, Baoqing St, 73號1樓",松山區,25.0519614,121.5682271,4.7,256,獨立,357,南京三民站出口4,300-500m
Trivoc,"No. 143號, Xinhu 1st Rd, Neihu District, Taipei City, Taiwan 114",松山區,25.0586487,121.5768103,4.3,288,獨立,905,松山站出口5,500m以上
M One Cafe Daan,"No. 6-1, Lane 27, Section 4, Ren'ai Rd, Da’an District, Taipei City, Taiwan 106",大安區,25.0388681,121.5450689,4.4,4955,獨立,290,忠孝復興站出口3,300m內
2J Cafe,"No. 9, Lane 79, Section 2, Jianguo S Rd, Da’an District, Taipei City, Taiwan 106",大安區,25.0309655,121.538374,4.4,2394,獨立,359,大安森林公園站出口5,300-500m
Witch House,"No. 7號, Lane 56, Section 3, Xinsheng S Rd, Da’an District, Taipei City, Taiwan 106",大安區,25.0205722,121.5336417,4.8,3190,獨立,460,台電大樓站出口2,300-500m
Weiyang Coffee,"No. 10, Lane 208, Siwei Rd, Da’an District, Taipei City, Taiwan 106",大安區,25.0262375,121.5474209,4.1,2062,獨立,381,科技大樓站出口,300-500m
Galette Café,"No. 136, Section 1, Xinhai Rd, Da’an District, Taipei City, Taiwan 106",大安區,25.022071,121.5338969,4.4,1121,獨立,527,台電大樓站出口2,500m以上
RUFOUS COFFEE,"No. 339號, Section 2, Fuxing S Rd, Da’an District, Taipei City, Taiwan 106",大安區,25.0235003,121.5436548,4.6,1754,獨立,295,科技大樓站出口,300m內
PAUL Ren'ai,"106, Taiwan, Taipei City, Da’an District, Section 4, Ren'ai Rd, 107號1F",大安區,25.0384215,121.5497756,4.2,2852,獨立,296,忠孝敦化站出口6,300m內
noon,"No. 2-1號, Lane 142, Rui'an St, Da’an District, Taipei City, Taiwan 106",大安區,25.0295273,121.5416819,4.6,457,獨立,418,大安站出口3,300-500m
Louisa Coffee 路易莎咖啡(建國花市門市),"106, Taiwan, Taipei City, Da’an District, 信義路三段104號",大安區,25.0332895,121.5382431,3.7,512,連鎖,227,大安森林公園站出口5,300m內
ivette Da An,"No. 21號, Lane 270, Section 1, Dunhua S Rd, Da’an District, Taipei City, Taiwan 106",大安區,25.0391096,121.5469544,4.1,617,獨立,309,忠孝敦化站出口6,300-500m
STARBUCKS Xingnan Shop,"No. 323號, Section 1, Fuxing S Rd, Da’an District, Taipei City, Taiwan 106",大安區,25.0336321,121.5437884,4.0,1573,連鎖,42,大安站出口6,300m內
Congrats Café,"No. 49號, Wenchang St, Da’an District, Taipei City, Taiwan 106",大安區,25.0329519,121.5505806,4.4,1417,獨立,177,信義安和站出口2,300m內
This Cafe,"No. 39號, Lane 30, Section 4, Xinyi Rd, Da’an District, Taipei City, Taiwan 106",大安區,25.0318139,121.5447918,4.2,1148,獨立,159,大安站出口5,300m內
Pica Pica Café,"No. 74號, Lane 269, Section 3, Roosevelt Rd, Da’an District, Taipei City, Taiwan 106",大安區,25.0209198,121.5316901,4.3,1236,獨立,274,台電大樓站出口2,300m內
Little Donkey Cafe 小驢館(應援/生咖/場租/不定時休假，請看IG首頁),"No. 21號, Alley 12, Lane 265, Section 4, Xinyi Rd, Da’an District, Taipei City, Taiwan 106",大安區,25.0348378,121.5538071,4.4,70,獨立,170,信義安和站出口5,300m內
STARBUCKS Xinhai Shop,"No. 175, Section 2, Xinhai Rd, Da’an District, Taipei City, Taiwan 106",大安區,25.0217296,121.5411881,4.1,1432,連鎖,550,科技大樓站出口,500m以上
Starbucks (Hanzhong Store),"No. 51號, Hanzhong St, Wanhua District, Taipei City, Taiwan 108",萬華區,25.0440448,121.5074866,4.1,3036,連鎖,164,西門站出口6,300m內
Fong Da Coffee,"No. 42號, Chengdu Rd, Wanhua District, Taipei City, Taiwan 108",萬華區,25.042566,121.506354,4.0,6388,獨立,126,西門站出口6,300m內
STARBUCKS Bangka Shop,"No. 24, Lane 306, Section 1, Xiyuan Rd, Wanhua District, Taipei City, Taiwan 108",萬華區,25.033525,121.4984501,4.5,4184,連鎖,222,龍山寺站出口2,300m內
妳有咖啡 neo cafe（每週二.三固定公休）最後點餐時間19:00,"108, Taiwan, Taipei City, Wanhua District, Section 2, Wuchang St, 83-9號號 2F",萬華區,25.0456972,121.5051101,4.1,1131,獨立,429,西門站出口6,300-500m
木咖 Horoka,"No. 6號, Lane 40, Section 2, Guiyang St, Wanhua District, Taipei City, Taiwan 108",萬華區,25.0391461,121.5049593,4.7,880,獨立,424,西門站出口1,300-500m
STARBUCKS Ximen Chengdu Shop,"No. 87號, Chengdu Rd, Wanhua District, Taipei City, Taiwan 108",萬華區,25.0431642,121.5047631,4.1,1480,連鎖,293,西門站出口6,300m內
武蔵野森珈琲 Diner 台北西門相鐵店,"100, Taiwan, Taipei City, Zhongzheng District, Section 1, Zhonghua Rd, 57號1樓",萬華區,25.041678,121.5085737,4.1,1137,獨立,20,西門站出口2,300m內
Xiao Chu is flying!,"No. 165號, Chengdu Rd, Wanhua District, Taipei City, Taiwan 108",萬華區,25.0439394,121.5022753,4.8,2257,獨立,558,西門站出口6,500m以上
85°C Bakery Cafe Taipei Ximen Shop,"No. 151號, Hanzhong St, Wanhua District, Taipei City, Taiwan 108",萬華區,25.0416791,121.5072605,3.7,1376,獨立,59,西門站出口1,300m內
FUFUCatCafe,"號 3 樓, No. 53, Section 2, Wuchang St, Wanhua District, Taipei City, Taiwan 108",萬華區,25.0447196,121.5072979,4.6,1114,獨立,241,西門站出口6,300m內
Come True Coffee,"No. 2號, Lane 53, Section 2, Hankou St, Wanhua District, Taipei City, Taiwan 108",萬華區,25.046119,121.5062219,4.3,1205,獨立,418,西門站出口6,300-500m
STARBUCKS Ximen Kunming Shop,"No. 77, Section 2, Wuchang St, Wanhua District, Taipei City, Taiwan 108",萬華區,25.0452461,121.5056838,3.9,681,連鎖,355,西門站出口6,300-500m
Louisa Coffee,"No. 114號, Hengyang Rd, Zhongzheng District, Taipei City, Taiwan 100",萬華區,25.0421239,121.50992,3.4,486,連鎖,92,西門站出口4,300m內
4F劇場咖啡（假日暫不提供訂位）,"100, Taiwan, Taipei City, Zhongzheng District, Yanping S Rd, 98號4樓",萬華區,25.0429975,121.5101957,4.5,875,獨立,142,西門站出口5,300m內
STARBUCKS Wanhua Xizang Shop,"No. 123, Xizang Rd, Wanhua District, Taipei City, Taiwan 108",萬華區,25.0295592,121.5025289,4.2,1435,連鎖,658,龍山寺站出口3,500m以上
La Grotta,"100, Taiwan, Taipei City, Zhongzheng District, Section 1, Zhonghua Rd, 77-2號1樓",萬華區,25.038885,121.5078383,4.6,1410,獨立,302,西門站出口2,300-500m
Tukuyomi Maid Cafe,"10843, Taiwan, Taipei City, Wanhua District, Section 2, Wuchang St, 29號3樓",萬華區,25.0446045,121.50787649999998,4.4,512,獨立,207,西門站出口5,300m內
inn cafe 西門店,"No. 8號, Lane 27, Chengdu Rd, Wanhua District, Taipei City, Taiwan 108",萬華區,25.0430379,121.50677899999998,4.5,2144,獨立,98,西門站出口6,300m內
Somebody Cafe,"108, Taiwan, Taipei City, Wanhua District, Chengdu Rd, 65號2樓",萬華區,25.042924000000003,121.505745,4.1,1633,獨立,191,西門站出口6,300m內
Fake Sober Taipei,"No. 20號, Songshou Rd, Xinyi District, Taipei City, Taiwan 110",信義區,25.0352052,121.56745029999998,4.5,949,獨立,309,象山站出口1,300-500m
Buna Cafe,"110, Taiwan, Taipei City, Xinyi District, 信義路四段415之3號",信義區,25.0331987,121.5594265,4.6,3630,獨立,226,台北101/世貿站出口1,300m內
Woolloomooloo,"110, Taiwan, Taipei City, Xinyi District, 信義路四段379號",信義區,25.0333036,121.5581173,4.0,4698,獨立,359,台北101/世貿站出口1,300-500m
United Hotel 國聯大飯店,"No. 200號, Guangfu S Rd, Da’an District, Taipei City, Taiwan 106",信義區,25.0422226,121.5573267,4.1,2588,獨立,79,國父紀念館站出口1,300m內
M One Cafe SKM Xinyi A11,"110, Taiwan, Taipei City, Xinyi District, Songshou Rd, 11號3樓",信義區,25.0360891,121.5674227,4.5,2866,獨立,393,象山站出口1,300-500m
Arthere Cafe,"No. 6號, Alley 3, Lane 165, Section 5, Zhongxiao E Rd, Xinyi District, Taipei City, Taiwan 110",信義區,25.0414643,121.56897049999998,4.2,1888,獨立,182,市政府站出口4,300m內
TAMED FOX 信義店,"110, Taiwan, Taipei City, Xinyi District, Songren Rd, 91號B1",信義區,25.0371539,121.5695626,4.2,1458,獨立,462,象山站出口1,300-500m
SAND COFFEE,"No. 4號, Alley 40, Lane 156, Wuxing St, Xinyi District, Taipei City, Taiwan 110",信義區,25.0285442,121.560018,4.4,283,獨立,516,台北101/世貿站出口2,500m以上
KA sky coffee,"110, Taiwan, Taipei City, Xinyi District, Songgao Rd, 77號33樓",信義區,25.0393334,121.57034480000002,4.2,760,獨立,366,市政府站出口3,300-500m
Simple Kaffa,"110, Taiwan, Taipei City, Xinyi District, Section 5, Xinyi Rd, 7號88樓",信義區,25.033976,121.5645389,4.2,1708,獨立,113,台北101/世貿站出口4,300m內
CURISTA COFFEE Taipei City Hall Shop,"110, Taiwan, Taipei City, Xinyi District, Section 4, Zhongxiao E Rd, 563號1樓",信義區,25.0415889,121.56405,4.6,1771,獨立,123,市政府站出口2,300m內
STARBUCKS RESERVE™ DREAM PLAZA TAIPEI,"110, Taiwan, Taipei City, Xinyi District, Songgao Rd, 11號6樓",信義區,25.0397823,121.5654532,3.9,1203,連鎖,138,市政府站出口2,300m內
waku waku burger 101店,"No. 117, Wuxing St, Xinyi District, Taipei City, Taiwan 110",信義區,25.0299571,121.5613837,4.5,2845,獨立,326,台北101/世貿站出口2,300-500m
2730café,"No. 288號, Yanji St, Da’an District, Taipei City, Taiwan 106",信義區,25.0336005,121.55706279999998,4.6,1009,獨立,358,信義安和站出口5,300-500m
LEAVES Cafe 午葉信義,"No. 3號, Alley 167, Lane 30, Yongji Rd, Xinyi District, Taipei City, Taiwan 110",信義區,25.0420261,121.56889489999998,4.1,1087,獨立,192,市政府站出口4,300m內
Dreamers Coffee Roasters 光復店,"No. 11號, Lane 240, Guangfu S Rd, Da’an District, Taipei City, Taiwan 106",信義區,25.0406034,121.55693409999998,4.4,1027,獨立,53,國父紀念館站出口2,300m內
STARBUCKS Uni-President Dept. Store Taipei 2F Shop,"110, Taiwan, Taipei City, Xinyi District, Section 5 of Zhongxiao East RoadSection 5 of Zhongxiao E Rd, 8號2F",信義區,25.0406227,121.5654586,4.0,1516,連鎖,56,市政府站出口2,300m內
Utroo café,"No. 15號, Alley 2, Lane 236, Section 5, Zhongxiao E Rd, Xinyi District, Taipei City, Taiwan 110",信義區,25.040366,121.5711279,4.6,703,獨立,405,市政府站出口3,300-500m
11 Eleven Café,"110, Taiwan, Taipei City, Xinyi District, Lane 553, Section 4, Zhongxiao E Rd, 12號1樓之一",信義區,25.0425357,121.5628921,4.5,2614,獨立,279,市政府站出口2,300m內
Greedy Bistronomy Cafe,"No. 42, Lane 308, Guangfu S Rd, Da’an District, Taipei City, Taiwan 106",信義區,25.0389528,121.5555889,4.4,1585,獨立,257,國父紀念館站出口2,300m內
INTRO Kitchen,"No. 21號, Lane 300, Jihe Rd, Shilin District, Taipei City, Taiwan 11162",士林區,25.0937708,121.5185614,4.2,1299,獨立,747,士林站出口1,500m以上
Second Life Coffee Plus,"No. 74號, Meide St, Shilin District, Taipei City, Taiwan 111",士林區,25.0957824,121.5251466,4.4,1109,獨立,204,士林站出口1,300m內
STARBUCKS Shilin MRT Shop,"No. 239號, Zhongzheng Rd, Shilin District, Taipei City, Taiwan 111",士林區,25.095147,121.5258039,4.0,1193,連鎖,117,士林站出口1,300m內
ACME｜Cafe Bar & Restaurant,"111, Taiwan, Taipei City, Shilin District, Jiantan Rd, 1號7樓",士林區,25.0851274,121.52436619999996,4.1,3785,獨立,82,劍潭站出口1,300m內
Banana Blue Coffee 士林店,"No. 182號, Zhongzheng Rd, Shilin District, Taipei City, Taiwan 11145",士林區,25.0958028,121.5272899,4.1,663,獨立,231,士林站出口1,300m內
Kissa Azuki,"No. 7號, Furong St, Shilin District, Taipei City, Taiwan 11159",士林區,25.096067,121.52708,4.5,520,獨立,245,士林站出口1,300m內
STARBUCKS Shilin Chengde Shop,"No. 67號, Section 4, Chengde Rd, Shilin District, Taipei City, Taiwan 111",士林區,25.0817268,121.5233978,4.0,891,連鎖,219,劍潭站出口2,300m內
Louisa Coffee,"111, Taiwan, Taipei City, Shilin District, Qiangang St, 11號1樓",士林區,25.0849641,121.52270249999998,3.4,577,連鎖,240,劍潭站出口3,300m內
Want More,"111, Taiwan, Taipei City, Shilin District, 中山北路六段43-2號",士林區,25.103967500000003,121.5246855,4.7,1114,獨立,237,芝山站出口2,300m內
Chüan Chuan Coffee,"111, Taiwan, Taipei City, Shilin District, Fushou St, 45號1樓",士林區,25.09662,121.5253222,4.7,376,獨立,287,士林站出口1,300m內
榕 RON,"No. 21號, Lane 461, Section 5, Zhongshan N Rd, Shilin District, Taipei City, Taiwan 111",士林區,25.091456,121.52713299999998,4.3,1766,獨立,171,士林站出口2,300m內
Sukiya Shilin Restaurant,"No. 287號, Zhongzheng Rd, Shilin District, Taipei City, Taiwan 111",士林區,25.0947515,121.5240643,3.9,2524,獨立,205,士林站出口1,300m內
CAFE!N Shilin Shop,"No. 1號, Lane 16, Meide St, Shilin District, Taipei City, Taiwan 111011",士林區,25.0944249,121.5256676,4.0,646,獨立,46,士林站出口1,300m內
Coffee Alley,"111, Taiwan, Taipei City, Shilin District, Zhongzheng Rd, 253號2樓",士林區,25.0949519,121.5250049,3.7,1542,獨立,135,士林站出口1,300m內
Modism Café 摩德年代 士林店,"No. 29號, Lane 235, Zhongzheng Rd, Shilin District, Taipei City, Taiwan 111",士林區,25.0945299,121.5262273,4.6,485,獨立,54,士林站出口1,300m內
Caffé Ruelle 巷子咖啡 （天母雨聲YuSheng),"No. 31-1號, Section 2, Zhicheng Rd, Shilin District, Taipei City, Taiwan 111",士林區,25.1016634,121.52934919999998,4.4,763,獨立,677,芝山站出口1,500m以上
Kitten Coffee Garden,"111, Taiwan, Taipei City, Shilin District, Fuhua Rd, 129號1樓",士林區,25.102394,121.5222345,4.6,1217,獨立,56,芝山站出口1,300m內
Louisa Coffee 路易莎咖啡(士林捷運門市),"No. 224號, Zhongzheng Rd, Shilin District, Taipei City, Taiwan 111",士林區,25.095512,121.52598460000002,3.5,468,連鎖,156,士林站出口1,300m內
看電車咖啡 Orange Cafe,"No. 302號, Wenlin Rd, Shilin District, Taipei City, Taiwan 111",士林區,25.0919424,121.526365,4.2,951,獨立,102,士林站出口2,300m內
一杯咖啡士林店 A Cup Of Coffee,"111, Taiwan, Taipei City, Shilin District, Lane 157, Fuhua Rd, 18號1樓",士林區,25.103727,121.521504,4.5,382,獨立,85,芝山站出口2,300m內
STARBUCKS Beitou Daye Shop,"No. 302號, Daye Rd, Beitou District, Taipei City, Taiwan 112",北投區,25.1285516,121.4980515,4.3,1304,連鎖,298,北投站出口2,300m內
早安勇士(最後點餐16:00，假日無訂位服務),"No. 147號, Yuren Rd, Beitou District, Taipei City, Taiwan 112",北投區,25.1364284,121.500728,4.4,1330,獨立,180,新北投站出口2,300m內
牙口,"No. 45號, Lane 9, Daxing St, Beitou District, Taipei City, Taiwan 112",北投區,25.1309108,121.4971597,4.5,755,獨立,185,北投站出口1,300m內
拾米屋 SheMe house,"112, Taiwan, Taipei City, Beitou District, Datong St, 153號一號倉庫",北投區,25.1360236,121.4989492,4.2,1414,獨立,364,新北投站出口2,300-500m
LOUISA COFFEE Beitoushe Shop,"112, Taiwan, Taipei City, Beitou District, Guangming Rd, 65號1 樓",北投區,25.1330077,121.50013949999996,4.0,1115,連鎖,217,北投站出口1,300m內
山边咖啡 Brae Café(4/8-4/13休）,"No. 110-1號, Wenquan Rd, Beitou District, Taipei City, Taiwan 11241",北投區,25.1362794,121.511012,4.7,812,獨立,758,新北投站出口1,500m以上
Reeds Coffee & Bakery Beitou,"No. 6號, Huanggang Rd, Beitou District, Taipei City, Taiwan 112",北投區,25.133288,121.502039,4.3,572,獨立,381,北投站出口2,300-500m
STARBUCKS Guangming Shop,"No. 218之4號, Guangming Rd, Beitou District, Taipei City, Taiwan 112",北投區,25.1362584,121.5044235,4.1,826,連鎖,120,新北投站出口1,300m內
Rhyme Café 韻咖啡,"No. 52號, Daxing St, Beitou District, Taipei City, Taiwan 112",北投區,25.1303252,121.5002851,4.6,260,獨立,135,北投站出口2,300m內
皁咖啡（營業時間請看說明）,"112, Taiwan, Taipei City, Beitou District, Lane 8, Yuren Rd, 3號2 樓",北投區,25.1327138,121.4987251,4.9,208,獨立,75,北投站出口1,300m內
休息咖啡館chill cafe 週三公休,"112, Taiwan, Taipei City, Beitou District, 西安街二段259巷6號",北投區,25.119817,121.5071227,4.8,222,獨立,101,唭哩岸站出口1,300m內
Louisa Coffee 路易莎咖啡(新北投直營門市),"No. 22號, Zhonghe St, Beitou District, Taipei City, Taiwan 112",北投區,25.1378917,121.5030594,3.5,675,連鎖,113,新北投站出口1,300m內
1975 Antique’s Cafe Tea Room,"No. 719之1號, Daye Rd, Beitou District, Taipei City, Taiwan 112",北投區,25.1374885,121.50191499999998,4.5,700,獨立,91,新北投站出口2,300m內
MeJA Cafe（咖啡 甜點 早午餐）,"No. 21號, Lane 2, Guangming Rd, Beitou District, Taipei City, Taiwan 112",北投區,25.1310469,121.499878,4.6,316,獨立,69,北投站出口2,300m內
北投 千景咖啡 CJ COFFEE,"No. 200-9號, Guangming Rd, Beitou District, Taipei City, Taiwan 112",北投區,25.1359519,121.5037138,4.6,251,獨立,115,新北投站出口1,300m內
Dante Coffee,"No. 462-8號, Daye Rd, Beitou District, Taipei City, Taiwan 112",北投區,25.1319444,121.4969444,4.1,672,獨立,126,北投站出口1,300m內
黑鳥咖啡北投店 Blackbird Coffee,"No. 433號, Zhonghe St, Beitou District, Taipei City, Taiwan 11252",北投區,25.1439467,121.49778789999998,4.9,158,獨立,920,新北投站出口2,500m以上
85°C Bakery Cafe,"No. 98號, Section 1, Zhongyang N Rd, Beitou District, Taipei City, Taiwan 112",北投區,25.1348419,121.4997406,3.8,456,獨立,324,北投站出口1,300-500m
義法廚房,"No. 4號, Alley 6, Lane 24, Daxing St, Beitou District, Taipei City, Taiwan 112",北投區,25.1291439,121.4986122,4.4,408,獨立,217,北投站出口2,300m內
彼得好咖啡 北投店,"No. 530號, Daye Rd, Beitou District, Taipei City, Taiwan 112",北投區,25.134525,121.4968278,3.7,102,獨立,277,北投站出口1,300m內
The Antipodean Neihu,"No. 4號, Lane 26, Gangqian Rd, Neihu District, Taipei City, Taiwan 114",內湖區,25.0826766,121.5778639,4.3,2853,獨立,351,港墘站出口1,300-500m
Koshi Cafe,"No. 296號, Section 1, Kangning Rd, Neihu District, Taipei City, Taiwan 114",內湖區,25.0786393,121.5979749,4.5,361,獨立,651,內湖站出口2,500m以上
Le Mani 琢手咖啡 內湖店,"No. 48-1號, Section 2, Huanshan Rd, Neihu District, Taipei City, Taiwan 114",內湖區,25.0855464,121.5737236,4.4,1528,獨立,617,港墘站出口2,500m以上
Reeds Coffee & Bakery,"No. 146號, Section 3, Chenggong Rd, Neihu District, Taipei City, Taiwan 114",內湖區,25.0799349,121.5897048,4.3,1082,獨立,433,文德站出口1,300-500m
STARBUCKS Zhouzi Shop,"No. 48號, Zhouzi St, Neihu District, Taipei City, Taiwan 114",內湖區,25.0790278,121.5732998,4.2,841,連鎖,182,港墘站出口2,300m內
Starbucks,"No. 212號, Wende Rd, Neihu District, Taipei City, Taiwan 114",內湖區,25.0782943,121.5842074,4.2,736,連鎖,40,文德站出口2,300m內
河流咖啡 RIVER COFFEE,"No. 239號, Section 2, Neihu Rd, Neihu District, Taipei City, Taiwan 114",內湖區,25.081871900000003,121.5894136,4.8,346,獨立,521,文德站出口1,500m以上
STARBUCKS Gangqian Shop,"No. 216, Ruiguang Rd, Neihu District, Taipei City, Taiwan 114",內湖區,25.075345,121.5760838,4.0,710,連鎖,533,港墘站出口1,500m以上
AROS COFFEE 一縷光,"No. 332 號, Lishan St, Neihu District, Taipei City, Taiwan 114",內湖區,25.0829173,121.5731744,4.6,391,獨立,353,港墘站出口2,300-500m
85°C Bakery Cafe,"No. 2號, Wende Rd, Neihu District, Taipei City, Taiwan 114",內湖區,25.0784832,121.5788477,3.6,566,獨立,357,港墘站出口1,300-500m
心流映像 Stay flow coffee shot,"114, Taiwan, Taipei City, Neihu District, Lane 355, Section 2, Neihu Rd, 5號1樓",內湖區,25.083955,121.59221,4.9,253,獨立,208,內湖站出口1,300m內
Louisa Coffee 路易莎咖啡(內湖成功直營店),"No. 75號, Section 4, Chenggong Rd, Neihu District, Taipei City, Taiwan 114",內湖區,25.0823601,121.5928684,3.3,977,連鎖,209,內湖站出口1,300m內
暖窩咖啡內湖店,"No. 64號, Section 3, Neihu Rd, Neihu District, Taipei City, Taiwan 114",內湖區,25.0862989,121.5920081,4.6,297,獨立,364,內湖站出口1,300-500m
JokeR coffee,"114No. 275號, Yangguang St, Neihu District, Taipei City, Taiwan 114",內湖區,25.074088,121.580526,4.6,806,獨立,627,文德站出口2,500m以上
Timama kitchen,"No. 32號, Alley 16, Lane 71, Jiangnan St, Neihu District, Taipei City, Taiwan 114",內湖區,25.0755428,121.5774855,4.2,652,獨立,538,港墘站出口1,500m以上
Starbucks RuenHu,"2樓, No. 188號, Section 4, Chenggong Rd, Neihu District, Taipei City, Taiwan 114",內湖區,25.0839162,121.5943353,3.7,269,連鎖,20,內湖站出口1,300m內
布夏拉提咖啡,"No. 76號, Section 1, Kangning Rd, Neihu District, Taipei City, Taiwan 11459",內湖區,25.0798622,121.5925028,4.8,416,獨立,467,內湖站出口1,300-500m
cama café,"114, Taiwan, Taipei City, Neihu District, Lane 174, Section 3, Chenggong Rd, 46號1樓",內湖區,25.0819012,121.5902501,4.0,336,連鎖,453,內湖站出口1,300-500m
Forty4Cafe 內湖店,"No. 181巷1號, Section 1, Kangning Rd, Neihu District, Taipei City, Taiwan 114",內湖區,25.0784739,121.59580319999998,4.8,262,獨立,586,內湖站出口2,500m以上
Peter Better Cafe,"No. 50號, Zhouzi St, Neihu District, Taipei City, Taiwan 114",內湖區,25.0790063,121.5731829,3.7,197,獨立,193,港墘站出口2,300m內
Coppii Lumii living coffee 冉冉生活(經貿),"No. 196-1號, Jingmao 2nd Rd, Nangang District, Taipei City, Taiwan 115",南港區,25.0598291,121.6147732,4.3,3156,獨立,126,南港軟體園區站出口1,300m內
陋巷咖啡廳,"No. 5號, Lane 487, Section 7, Zhongxiao E Rd, Nangang District, Taipei City, Taiwan 115",南港區,25.0531511,121.61153139999998,4.6,339,獨立,432,南港站出口2,300-500m
STARBUCKS RESERVE™ Nangang CTBC Shop,"No. 186號, Jingmao 2nd Rd, Nangang District, Taipei City, Taiwan 115",南港區,25.0591419,121.6153499,4.2,981,連鎖,147,南港軟體園區站出口2,300m內
田野咖啡 TIAN YE COFFEE,"115, Taiwan, Taipei City, Nangang District, Lane 178, Section 2, Nangang Rd, 26號1樓",南港區,25.0544921,121.600286,4.8,276,獨立,676,南港站出口1,500m以上
Greenriver Roastery．Archive,"No. 121號, Zhongnan St, Nangang District, Taipei City, Taiwan 115",南港區,25.0521359,121.615332,4.2,165,獨立,345,南港展覽館站出口5,300-500m
STARBUCKS Nangang Chongyang Shop,"115, Taiwan, Taipei City, Nangang District, Chongyang Rd, 269號1 樓",南港區,25.0578976,121.6038176,4.3,231,連鎖,713,南港站出口1,500m以上
STARBUCKS Nangang Station Shop,"No. 359號, Section 7, Zhongxiao E Rd, Nangang District, Taipei City, Taiwan 115",南港區,25.0524855,121.6065925,4.0,791,連鎖,68,南港站出口1,300m內
SCOOP LAB. | Coffee & Desserts 早午餐/下午茶/不限時咖啡廳/蛋糕,"No. 55號, Section 1, Nangang Rd, Nangang District, Taipei City, Taiwan 115",南港區,25.055014,121.6160602,4.0,170,獨立,81,南港展覽館站出口5,300m內
GMS coffee,"No. 2號, Alley 18, Lane 16, Section 3, Nangang Rd, Nangang District, Taipei City, Taiwan 115",南港區,25.0551543,121.5924828,4.4,131,獨立,520,昆陽站出口3,500m以上
Ran Ran Café,"No. 5號, Lane 28, Xingzhong Rd, Nangang District, Taipei City, Taiwan 11579",南港區,25.0555935,121.6070067,4.6,543,獨立,399,南港站出口2,300-500m
STARBUCKS Nangang Shop,"No. 19-10號, Sanchong Rd, Nangang District, Taipei City, Taiwan 115",南港區,25.0580859,121.6131267,4.1,497,連鎖,376,南港軟體園區站出口1,300-500m
TUMAZ 黑熊咖啡『藝伎專家』,"561號, No. 561, Chongyang Rd, Nangang District, Taipei City, Taiwan 115",南港區,25.0632184,121.6144178,4.7,417,獨立,347,南港軟體園區站出口1,300-500m
PAUSE Coffee Roaster,"115, Taiwan, Taipei City, Nangang District, Section 1, Nangang Rd, 73號1樓",南港區,25.0550265,121.615641,4.6,99,獨立,123,南港展覽館站出口5,300m內
Logos Coffee手沖咖啡專門店-無訂位,"115, Taiwan, Taipei City, Nangang District, Section 1, Yanjiuyuan Rd, 2號1F",南港區,25.0548179,121.616408,4.6,491,獨立,47,南港展覽館站出口5,300m內
LOUISA COFFEE,"No. 620號, Section 7, Zhongxiao E Rd, Nangang District, Taipei City, Taiwan 115",南港區,25.0529758,121.6159073,2.7,539,連鎖,236,南港展覽館站出口5,300m內
嘖咖啡（休假日請看公告！）（禁止寵物入內！）,"No. 135號, Section 2, Nangang Rd, Nangang District, Taipei City, Taiwan 115",南港區,25.0541632,121.5962614,4.6,342,獨立,470,昆陽站出口4,300-500m
SIMPLE KAFFA 興波咖啡超級棧・南港展覽館,"115, Taiwan, Taipei City, Nangang District, Jingmao 2nd Rd, 1號1樓",南港區,25.0568352,121.6172791,3.9,146,獨立,119,南港展覽館站出口1,300m內
宇啡商行Real cafė（準確營業時間請關注ig及臉書唷～感謝各位）,"No. 43號, Section 1, Nangang Rd, Nangang District, Taipei City, Taiwan 115",南港區,25.055062,121.61638419999998,4.5,371,獨立,51,南港展覽館站出口5,300m內
Starbucks,"115, Taiwan, Taipei City, Nangang District, Section 7, Zhongxiao E Rd, 371號B2",南港區,25.0528955,121.6072597,4.0,385,連鎖,98,南港站出口2,300m內
武蔵野森珈琲Diner LaLaport南港店,"115, Taiwan, Taipei City, Nangang District, Jingmao 2nd Rd, 131號4 樓",南港區,25.0593449,121.61758249999998,3.9,583,獨立,152,南港軟體園區站出口2,300m內
Ruins Coffee Roasters,"No. 242, Section 3, Muzha Rd, Wenshan District, Taipei City, Taiwan 116",文山區,24.9907454,121.5710489,4.5,1337,獨立,860,木柵站出口,500m以上
自由·之丘,"116, Taiwan, Taipei City, Wenshan District, Lane 69, Section 2, Muxin Rd, 1號1樓",文山區,24.9858893,121.5709036,4.7,482,獨立,1389,木柵站出口,500m以上
Ruins Coffee Roasters Hucun Shop,"No. 36號 萬壽路政大里, 文山區臺北市 Taiwan 116",文山區,24.9882482,121.5789989,4.3,230,獨立,1082,動物園站出口2,500m以上
STARBUCKS Muzha Shop,"No. 75, Section 3, Muzha Rd, Wenshan District, Taipei City, Taiwan 116",文山區,24.9887216,121.566914,4.1,728,連鎖,1107,萬芳社區站出口,500m以上
Louisa Coffee 路易莎咖啡(木柵直營店),"No. 63號, Section 3, Muzha Rd, Wenshan District, Taipei City, Taiwan 116",文山區,24.9886989,121.5666199,3.7,836,連鎖,1114,萬芳社區站出口,500m以上
Starbucks,"No. 105, Section 2, Zhinan Rd, Wenshan District, Taipei City, Taiwan 116",文山區,24.987835600000004,121.5757049,4.0,520,連鎖,1172,木柵站出口,500m以上
STARBUCKS Wanfang Shop,"No. 111號, Section 3, Xinglong Rd, Wenshan District, Taipei City, Taiwan 116",文山區,24.9998323,121.5574809,3.9,674,連鎖,56,萬芳醫院站出口,300m內
𝗦𝗵𝗼𝘂 𝗦𝗵𝗼𝘂 𝗖𝗼𝗳𝗳𝗲𝗲 惜惜咖啡,"No. 19號, Lane 112, Section 2, Xiuming Rd, Wenshan District, Taipei City, Taiwan 116",文山區,24.9901566,121.5751778,4.5,299,獨立,909,木柵站出口,500m以上
"Serene Day Cafe (無訂位、不限時咖啡廳、一人作業如不耐久候請勿嘗試、不定期店休請查看IG, FB))","No. 2號, Alley 2, Lane 192, Section 3, Xinglong Rd, Wenshan District, Taipei City, Taiwan 116",文山區,24.9979863,121.5586584,4.6,254,獨立,181,萬芳醫院站出口,300m內
Louisa Coffee Wanfang Hospital,"No. 119號, Section 3, Xinglong Rd, Wenshan District, Taipei City, Taiwan 116",文山區,24.9989956,121.5581797,3.5,742,連鎖,62,萬芳醫院站出口,300m內
DoDo Cafe 豆荳先生,"116, Taiwan, Taipei City, Wenshan District, Alley 1, Lane 48, Section 3, Muzha Rd, 2號1樓",文山區,24.9879696,121.56535900000002,4.8,139,獨立,1219,萬芳社區站出口,500m以上
Louisa Coffee 路易莎咖啡(政大萬壽門市),"No. 27號, Wanshou Rd, Wenshan District, Taipei City, Taiwan 116",文山區,24.9887161,121.5765676,2.1,128,連鎖,1066,動物園站出口2,500m以上
海熊咖啡 Polar Bear_Cafe_Tea (咖啡/茶),"No. 1號, Section 1, Xinguang Rd, Wenshan District, Taipei City, Taiwan 116",文山區,24.9883752,121.5737733,4.8,251,獨立,1090,木柵站出口,500m以上
得正#台北萬芳計劃,"116, Taiwan, Taipei City, Wenshan District, Section 3, Xinglong Rd, 132號1樓",文山區,24.9988306,121.5579149,3.8,138,獨立,64,萬芳醫院站出口,300m內
Apt. Café,"2樓, No. 56號, Section 2, Zhinan Rd, Wenshan District, Taipei City, Taiwan 116",文山區,24.9876541,121.5754547,4.3,667,獨立,1188,木柵站出口,500m以上
Portafiltro Coffee。撥啡,"No. 290號, Section 3, Xinglong Rd, Wenshan District, Taipei City, Taiwan 116",文山區,24.9956412,121.5596705,4.8,234,獨立,459,萬芳醫院站出口,300-500m
狸奴,"No. 231號, Section 3, Xinglong Rd, Wenshan District, Taipei City, Taiwan 116",文山區,24.9933585,121.5592942,5.0,21,獨立,688,萬芳醫院站出口,500m以上
蛋蛋的幸福 蔬食料理,"No. 25號, Section 2, Zhinan Rd, Wenshan District, Taipei City, Taiwan 116",文山區,24.988208,121.5737499,4.6,296,獨立,1109,木柵站出口,500m以上
昇咖啡｜會議包廂・空間租借（包廂預約制）,"No. 14號, Lane 102, Section 3, Muzha Rd, Wenshan District, Taipei City, Taiwan 116",文山區,24.98665,121.5677961,4.2,125,獨立,1328,萬芳社區站出口,500m以上
Tuckaway 啡藏咖啡,"116, Taiwan, Taipei City, Wenshan District, Alley 1, Lane 48, Section 3, Muzha Rd, 6號1樓",文山區,24.9879781,121.5652507,4.7,226,獨立,1221,萬芳社區站出口,500m以上
